?biological_process	?bp_iri	?expr_genes	?total_genes	?ratio
brown fat cell differentiation	<http://purl.obolibrary.org/obo/GO_0050873>	15	39	0.384615385
positive regulation of defense response to virus by host	<http://purl.obolibrary.org/obo/GO_0002230>	15	43	0.348837209
positive regulation of B cell proliferation	<http://purl.obolibrary.org/obo/GO_0030890>	17	53	0.320754717
peptidyl-tyrosine autophosphorylation	<http://purl.obolibrary.org/obo/GO_0038083>	12	39	0.307692308
bone resorption	<http://purl.obolibrary.org/obo/GO_0045453>	8	27	0.296296296
lymph node development	<http://purl.obolibrary.org/obo/GO_0048535>	9	32	0.28125
negative regulation of peptidyl-serine phosphorylation	<http://purl.obolibrary.org/obo/GO_0033137>	9	33	0.272727273
positive regulation of vascular endothelial growth factor production	<http://purl.obolibrary.org/obo/GO_0010575>	7	27	0.259259259
hair follicle morphogenesis	<http://purl.obolibrary.org/obo/GO_0031069>	8	31	0.258064516
substrate adhesion-dependent cell spreading	<http://purl.obolibrary.org/obo/GO_0034446>	13	53	0.245283019
microglial cell activation	<http://purl.obolibrary.org/obo/GO_0001774>	7	29	0.24137931
cholesterol efflux	<http://purl.obolibrary.org/obo/GO_0033344>	8	36	0.222222222
positive regulation of mesenchymal cell proliferation	<http://purl.obolibrary.org/obo/GO_0002053>	8	37	0.216216216
prostaglandin biosynthetic process	<http://purl.obolibrary.org/obo/GO_0001516>	6	28	0.214285714
lamellipodium assembly	<http://purl.obolibrary.org/obo/GO_0030032>	9	44	0.204545455
branching involved in blood vessel morphogenesis	<http://purl.obolibrary.org/obo/GO_0001569>	8	40	0.2
glycerol metabolic process	<http://purl.obolibrary.org/obo/GO_0006071>	5	25	0.2
negative regulation of interferon-gamma production	<http://purl.obolibrary.org/obo/GO_0032689>	8	40	0.2
blood vessel remodeling	<http://purl.obolibrary.org/obo/GO_0001974>	9	46	0.195652174
positive regulation of blood coagulation	<http://purl.obolibrary.org/obo/GO_0030194>	6	31	0.193548387
cytolysis	<http://purl.obolibrary.org/obo/GO_0019835>	6	32	0.1875
positive regulation of monocyte chemotaxis	<http://purl.obolibrary.org/obo/GO_0090026>	6	32	0.1875
embryonic hemopoiesis	<http://purl.obolibrary.org/obo/GO_0035162>	5	27	0.185185185
negative regulation of GTPase activity	<http://purl.obolibrary.org/obo/GO_0034260>	9	49	0.183673469
apoptotic cell clearance	<http://purl.obolibrary.org/obo/GO_0043277>	7	39	0.179487179
I-kappaB phosphorylation	<http://purl.obolibrary.org/obo/GO_0007252>	5	28	0.178571429
somatic stem cell division	<http://purl.obolibrary.org/obo/GO_0048103>	5	28	0.178571429
"transcription, DNA-templated"	<http://purl.obolibrary.org/obo/GO_0006351>	137	771	0.17769131
vasculogenesis	<http://purl.obolibrary.org/obo/GO_0001570>	18	102	0.176470588
lipid storage	<http://purl.obolibrary.org/obo/GO_0019915>	7	40	0.175
heterophilic cell-cell adhesion via plasma membrane cell adhesion molecules	<http://purl.obolibrary.org/obo/GO_0007157>	11	63	0.174603175
negative regulation of extrinsic apoptotic signaling pathway in absence of ligand	<http://purl.obolibrary.org/obo/GO_2001240>	6	35	0.171428571
intrinsic apoptotic signaling pathway in response to endoplasmic reticulum stress	<http://purl.obolibrary.org/obo/GO_0070059>	7	41	0.170731707
negative regulation of Notch signaling pathway	<http://purl.obolibrary.org/obo/GO_0045746>	7	41	0.170731707
positive regulation of interleukin-12 production	<http://purl.obolibrary.org/obo/GO_0032735>	7	42	0.166666667
positive regulation of transforming growth factor beta receptor signaling pathway	<http://purl.obolibrary.org/obo/GO_0030511>	6	36	0.166666667
antigen processing and presentation of exogenous peptide antigen via MHC class II	<http://purl.obolibrary.org/obo/GO_0019886>	8	49	0.163265306
G protein-coupled purinergic nucleotide receptor signaling pathway	<http://purl.obolibrary.org/obo/GO_0035589>	5	31	0.161290323
homeostasis of number of cells within a tissue	<http://purl.obolibrary.org/obo/GO_0048873>	7	44	0.159090909
NIK/NF-kappaB signaling	<http://purl.obolibrary.org/obo/GO_0038061>	6	38	0.157894737
protein localization to cell surface	<http://purl.obolibrary.org/obo/GO_0034394>	5	32	0.15625
positive regulation of pathway-restricted SMAD protein phosphorylation	<http://purl.obolibrary.org/obo/GO_0010862>	9	58	0.155172414
triglyceride homeostasis	<http://purl.obolibrary.org/obo/GO_0070328>	6	40	0.15
positive regulation of collagen biosynthetic process	<http://purl.obolibrary.org/obo/GO_0032967>	7	47	0.14893617
positive regulation of phosphatidylinositol 3-kinase signaling	<http://purl.obolibrary.org/obo/GO_0014068>	14	94	0.14893617
positive regulation of osteoblast differentiation	<http://purl.obolibrary.org/obo/GO_0045669>	12	81	0.148148148
T cell costimulation	<http://purl.obolibrary.org/obo/GO_0031295>	5	34	0.147058824
decidualization	<http://purl.obolibrary.org/obo/GO_0046697>	5	34	0.147058824
extrinsic apoptotic signaling pathway via death domain receptors	<http://purl.obolibrary.org/obo/GO_0008625>	5	34	0.147058824
regulation of sensory perception of pain	<http://purl.obolibrary.org/obo/GO_0051930>	10	68	0.147058824
osteoblast differentiation	<http://purl.obolibrary.org/obo/GO_0001649>	16	111	0.144144144
negative regulation of extrinsic apoptotic signaling pathway via death domain receptors	<http://purl.obolibrary.org/obo/GO_1902042>	5	35	0.142857143
negative regulation of fat cell differentiation	<http://purl.obolibrary.org/obo/GO_0045599>	8	56	0.142857143
"synaptic transmission, glutamatergic"	<http://purl.obolibrary.org/obo/GO_0035249>	6	42	0.142857143
positive regulation of fat cell differentiation	<http://purl.obolibrary.org/obo/GO_0045600>	9	64	0.140625
defense response to protozoan	<http://purl.obolibrary.org/obo/GO_0042832>	6	43	0.139534884
positive regulation of BMP signaling pathway	<http://purl.obolibrary.org/obo/GO_0030513>	6	43	0.139534884
positive regulation of smooth muscle cell migration	<http://purl.obolibrary.org/obo/GO_0014911>	11	79	0.139240506
activation of MAPK activity	<http://purl.obolibrary.org/obo/GO_0000187>	21	151	0.139072848
protein kinase B signaling	<http://purl.obolibrary.org/obo/GO_0043491>	9	65	0.138461538
negative regulation of osteoblast differentiation	<http://purl.obolibrary.org/obo/GO_0045668>	8	58	0.137931034
collagen catabolic process	<http://purl.obolibrary.org/obo/GO_0030574>	7	51	0.137254902
glial cell migration	<http://purl.obolibrary.org/obo/GO_0008347>	7	51	0.137254902
bicellular tight junction assembly	<http://purl.obolibrary.org/obo/GO_0070830>	6	45	0.133333333
positive regulation of natural killer cell mediated cytotoxicity	<http://purl.obolibrary.org/obo/GO_0045954>	8	60	0.133333333
ventricular septum morphogenesis	<http://purl.obolibrary.org/obo/GO_0060412>	6	45	0.133333333
toxin transport	<http://purl.obolibrary.org/obo/GO_1901998>	7	53	0.132075472
T cell differentiation in thymus	<http://purl.obolibrary.org/obo/GO_0033077>	8	61	0.131147541
heart looping	<http://purl.obolibrary.org/obo/GO_0001947>	8	61	0.131147541
spleen development	<http://purl.obolibrary.org/obo/GO_0048536>	6	46	0.130434783
positive regulation of interleukin-8 production	<http://purl.obolibrary.org/obo/GO_0032757>	8	62	0.129032258
somatic stem cell population maintenance	<http://purl.obolibrary.org/obo/GO_0035019>	7	55	0.127272727
negative regulation of neuron apoptotic process	<http://purl.obolibrary.org/obo/GO_0043524>	25	199	0.125628141
positive regulation of stress fiber assembly	<http://purl.obolibrary.org/obo/GO_0051496>	9	72	0.125
cholesterol metabolic process	<http://purl.obolibrary.org/obo/GO_0008203>	17	137	0.124087591
collagen fibril organization	<http://purl.obolibrary.org/obo/GO_0030199>	9	73	0.123287671
lipopolysaccharide-mediated signaling pathway	<http://purl.obolibrary.org/obo/GO_0031663>	6	49	0.12244898
positive regulation of insulin secretion involved in cellular response to glucose stimulus	<http://purl.obolibrary.org/obo/GO_0035774>	6	49	0.12244898
non-canonical Wnt signaling pathway	<http://purl.obolibrary.org/obo/GO_0035567>	5	41	0.12195122
positive regulation of interferon-beta production	<http://purl.obolibrary.org/obo/GO_0032728>	5	41	0.12195122
"positive regulation of synaptic transmission, glutamatergic"	<http://purl.obolibrary.org/obo/GO_0051968>	5	41	0.12195122
regulation of long-term neuronal synaptic plasticity	<http://purl.obolibrary.org/obo/GO_0048169>	5	41	0.12195122
SMAD protein signal transduction	<http://purl.obolibrary.org/obo/GO_0060395>	9	74	0.121621622
angiogenesis	<http://purl.obolibrary.org/obo/GO_0001525>	48	395	0.121518987
lysosome organization	<http://purl.obolibrary.org/obo/GO_0007040>	11	92	0.119565217
osteoclast differentiation	<http://purl.obolibrary.org/obo/GO_0030316>	6	51	0.117647059
positive regulation of cyclin-dependent protein serine/threonine kinase activity	<http://purl.obolibrary.org/obo/GO_0045737>	6	51	0.117647059
T cell homeostasis	<http://purl.obolibrary.org/obo/GO_0043029>	5	43	0.11627907
long-term memory	<http://purl.obolibrary.org/obo/GO_0007616>	5	43	0.11627907
protein autophosphorylation	<http://purl.obolibrary.org/obo/GO_0046777>	30	262	0.114503817
activation of cysteine-type endopeptidase activity involved in apoptotic process	<http://purl.obolibrary.org/obo/GO_0006919>	12	105	0.114285714
positive regulation of release of cytochrome c from mitochondria	<http://purl.obolibrary.org/obo/GO_0090200>	5	44	0.113636364
negative regulation of endothelial cell proliferation	<http://purl.obolibrary.org/obo/GO_0001937>	6	53	0.113207547
epithelial cell morphogenesis	<http://purl.obolibrary.org/obo/GO_0003382>	7	62	0.112903226
positive regulation of vasoconstriction	<http://purl.obolibrary.org/obo/GO_0045907>	7	62	0.112903226
MyD88-dependent toll-like receptor signaling pathway	<http://purl.obolibrary.org/obo/GO_0002755>	7	63	0.111111111
negative regulation of inflammatory response	<http://purl.obolibrary.org/obo/GO_0050728>	18	162	0.111111111
cell-matrix adhesion	<http://purl.obolibrary.org/obo/GO_0007160>	20	181	0.110497238
positive regulation of tumor necrosis factor production	<http://purl.obolibrary.org/obo/GO_0032760>	13	118	0.110169492
positive regulation of DNA replication	<http://purl.obolibrary.org/obo/GO_0045740>	7	64	0.109375
cellular response to amino acid stimulus	<http://purl.obolibrary.org/obo/GO_0071230>	10	92	0.108695652
positive regulation of fibroblast proliferation	<http://purl.obolibrary.org/obo/GO_0048146>	10	92	0.108695652
protein K63-linked ubiquitination	<http://purl.obolibrary.org/obo/GO_0070534>	5	46	0.108695652
release of sequestered calcium ion into cytosol	<http://purl.obolibrary.org/obo/GO_0051209>	10	92	0.108695652
circadian regulation of gene expression	<http://purl.obolibrary.org/obo/GO_0032922>	9	83	0.108433735
activation of MAPKK activity	<http://purl.obolibrary.org/obo/GO_0000186>	8	74	0.108108108
positive regulation of interleukin-6 production	<http://purl.obolibrary.org/obo/GO_0032755>	12	111	0.108108108
one-carbon metabolic process	<http://purl.obolibrary.org/obo/GO_0006730>	7	65	0.107692308
sensory perception of pain	<http://purl.obolibrary.org/obo/GO_0019233>	13	121	0.107438017
transforming growth factor beta receptor signaling pathway	<http://purl.obolibrary.org/obo/GO_0007179>	16	150	0.106666667
positive regulation of synapse assembly	<http://purl.obolibrary.org/obo/GO_0051965>	9	85	0.105882353
thymus development	<http://purl.obolibrary.org/obo/GO_0048538>	6	57	0.105263158
behavioral fear response	<http://purl.obolibrary.org/obo/GO_0001662>	5	48	0.104166667
multicellular organism growth	<http://purl.obolibrary.org/obo/GO_0035264>	15	144	0.104166667
embryo implantation	<http://purl.obolibrary.org/obo/GO_0007566>	6	58	0.103448276
endoplasmic reticulum calcium ion homeostasis	<http://purl.obolibrary.org/obo/GO_0032469>	5	49	0.102040816
negative regulation of cell-matrix adhesion	<http://purl.obolibrary.org/obo/GO_0001953>	5	49	0.102040816
positive regulation of phagocytosis	<http://purl.obolibrary.org/obo/GO_0050766>	10	98	0.102040816
positive regulation of sodium ion transport	<http://purl.obolibrary.org/obo/GO_0010765>	6	59	0.101694915
cholesterol homeostasis	<http://purl.obolibrary.org/obo/GO_0042632>	11	109	0.100917431
transcription by RNA polymerase II	<http://purl.obolibrary.org/obo/GO_0006366>	38	377	0.100795756
positive regulation of inflammatory response	<http://purl.obolibrary.org/obo/GO_0050729>	16	159	0.100628931
positive regulation of bone mineralization	<http://purl.obolibrary.org/obo/GO_0030501>	6	60	0.1
positive regulation of endothelial cell proliferation	<http://purl.obolibrary.org/obo/GO_0001938>	12	121	0.099173554
lung alveolus development	<http://purl.obolibrary.org/obo/GO_0048286>	7	71	0.098591549
neuromuscular junction development	<http://purl.obolibrary.org/obo/GO_0007528>	7	71	0.098591549
neuron apoptotic process	<http://purl.obolibrary.org/obo/GO_0051402>	7	71	0.098591549
canonical Wnt signaling pathway	<http://purl.obolibrary.org/obo/GO_0060070>	12	122	0.098360656
lactation	<http://purl.obolibrary.org/obo/GO_0007595>	5	51	0.098039216
positive regulation of proteasomal ubiquitin-dependent protein catabolic process	<http://purl.obolibrary.org/obo/GO_0032436>	10	102	0.098039216
protein homotrimerization	<http://purl.obolibrary.org/obo/GO_0070207>	5	51	0.098039216
viral entry into host cell	<http://purl.obolibrary.org/obo/GO_0046718>	5	51	0.098039216
ovarian follicle development	<http://purl.obolibrary.org/obo/GO_0001541>	8	83	0.096385542
midbrain development	<http://purl.obolibrary.org/obo/GO_0030901>	5	52	0.096153846
prostaglandin metabolic process	<http://purl.obolibrary.org/obo/GO_0006693>	5	52	0.096153846
positive regulation of smooth muscle cell proliferation	<http://purl.obolibrary.org/obo/GO_0048661>	14	147	0.095238095
ventricular cardiac muscle tissue morphogenesis	<http://purl.obolibrary.org/obo/GO_0055010>	6	63	0.095238095
I-kappaB kinase/NF-kappaB signaling	<http://purl.obolibrary.org/obo/GO_0007249>	7	74	0.094594595
branching involved in ureteric bud morphogenesis	<http://purl.obolibrary.org/obo/GO_0001658>	5	53	0.094339623
receptor clustering	<http://purl.obolibrary.org/obo/GO_0043113>	6	64	0.09375
positive regulation of protein kinase B signaling	<http://purl.obolibrary.org/obo/GO_0051897>	14	150	0.093333333
inflammatory response	<http://purl.obolibrary.org/obo/GO_0006954>	61	658	0.092705167
positive chemotaxis	<http://purl.obolibrary.org/obo/GO_0050918>	6	65	0.092307692
positive regulation of chemokine production	<http://purl.obolibrary.org/obo/GO_0032722>	7	76	0.092105263
Rho protein signal transduction	<http://purl.obolibrary.org/obo/GO_0007266>	10	109	0.091743119
roof of mouth development	<http://purl.obolibrary.org/obo/GO_0060021>	10	109	0.091743119
positive regulation of ERK1 and ERK2 cascade	<http://purl.obolibrary.org/obo/GO_0070374>	26	285	0.09122807
defense response to Gram-positive bacterium	<http://purl.obolibrary.org/obo/GO_0050830>	14	154	0.090909091
negative regulation of ERK1 and ERK2 cascade	<http://purl.obolibrary.org/obo/GO_0070373>	10	110	0.090909091
positive regulation of epithelial to mesenchymal transition	<http://purl.obolibrary.org/obo/GO_0010718>	6	66	0.090909091
face morphogenesis	<http://purl.obolibrary.org/obo/GO_0060325>	5	56	0.089285714
regulation of cell shape	<http://purl.obolibrary.org/obo/GO_0008360>	18	202	0.089108911
artery morphogenesis	<http://purl.obolibrary.org/obo/GO_0048844>	7	79	0.088607595
visual learning	<http://purl.obolibrary.org/obo/GO_0008542>	7	79	0.088607595
phospholipase C-activating G protein-coupled receptor signaling pathway	<http://purl.obolibrary.org/obo/GO_0007200>	10	113	0.088495575
negative regulation of cysteine-type endopeptidase activity involved in apoptotic process	<http://purl.obolibrary.org/obo/GO_0043154>	13	147	0.088435374
positive regulation of angiogenesis	<http://purl.obolibrary.org/obo/GO_0045766>	20	227	0.088105727
epidermal growth factor receptor signaling pathway	<http://purl.obolibrary.org/obo/GO_0007173>	5	57	0.087719298
glutathione metabolic process	<http://purl.obolibrary.org/obo/GO_0006749>	9	103	0.087378641
fatty acid biosynthetic process	<http://purl.obolibrary.org/obo/GO_0006633>	13	149	0.087248322
lung development	<http://purl.obolibrary.org/obo/GO_0030324>	21	241	0.087136929
G1/S transition of mitotic cell cycle	<http://purl.obolibrary.org/obo/GO_0000082>	8	92	0.086956522
embryonic cranial skeleton morphogenesis	<http://purl.obolibrary.org/obo/GO_0048701>	5	58	0.086206897
negative regulation of interleukin-6 production	<http://purl.obolibrary.org/obo/GO_0032715>	5	58	0.086206897
positive regulation of T cell proliferation	<http://purl.obolibrary.org/obo/GO_0042102>	10	116	0.086206897
cell cycle arrest	<http://purl.obolibrary.org/obo/GO_0007050>	12	140	0.085714286
fat cell differentiation	<http://purl.obolibrary.org/obo/GO_0045444>	11	129	0.085271318
memory	<http://purl.obolibrary.org/obo/GO_0007613>	15	177	0.084745763
sensory perception of sound	<http://purl.obolibrary.org/obo/GO_0007605>	20	237	0.084388186
neuromuscular process controlling balance	<http://purl.obolibrary.org/obo/GO_0050885>	7	83	0.084337349
BMP signaling pathway	<http://purl.obolibrary.org/obo/GO_0030509>	8	95	0.084210526
negative regulation of protein ubiquitination	<http://purl.obolibrary.org/obo/GO_0031397>	8	95	0.084210526
odontogenesis of dentin-containing tooth	<http://purl.obolibrary.org/obo/GO_0042475>	8	95	0.084210526
negative regulation of T cell proliferation	<http://purl.obolibrary.org/obo/GO_0042130>	8	96	0.083333333
platelet-derived growth factor receptor signaling pathway	<http://purl.obolibrary.org/obo/GO_0048008>	6	72	0.083333333
hematopoietic progenitor cell differentiation	<http://purl.obolibrary.org/obo/GO_0002244>	12	145	0.082758621
blood coagulation	<http://purl.obolibrary.org/obo/GO_0007596>	16	194	0.082474227
bone remodeling	<http://purl.obolibrary.org/obo/GO_0046849>	5	61	0.081967213
smoothened signaling pathway	<http://purl.obolibrary.org/obo/GO_0007224>	9	110	0.081818182
negative regulation of transcription by RNA polymerase II	<http://purl.obolibrary.org/obo/GO_0000122>	94	1151	0.081668115
intrinsic apoptotic signaling pathway in response to DNA damage	<http://purl.obolibrary.org/obo/GO_0008630>	8	98	0.081632653
positive regulation of JUN kinase activity	<http://purl.obolibrary.org/obo/GO_0043507>	8	98	0.081632653
peptidyl-serine phosphorylation	<http://purl.obolibrary.org/obo/GO_0018105>	16	197	0.081218274
positive regulation of DNA binding	<http://purl.obolibrary.org/obo/GO_0043388>	6	74	0.081081081
arachidonic acid metabolic process	<http://purl.obolibrary.org/obo/GO_0019369>	7	87	0.08045977
glycogen metabolic process	<http://purl.obolibrary.org/obo/GO_0005977>	7	87	0.08045977
peptidyl-threonine phosphorylation	<http://purl.obolibrary.org/obo/GO_0018107>	7	87	0.08045977
platelet activation	<http://purl.obolibrary.org/obo/GO_0030168>	7	87	0.08045977
embryonic digit morphogenesis	<http://purl.obolibrary.org/obo/GO_0042733>	6	75	0.08
glomerulus development	<http://purl.obolibrary.org/obo/GO_0032835>	5	63	0.079365079
intrinsic apoptotic signaling pathway by p53 class mediator	<http://purl.obolibrary.org/obo/GO_0072332>	5	63	0.079365079
defense response to Gram-negative bacterium	<http://purl.obolibrary.org/obo/GO_0050829>	11	139	0.079136691
positive regulation of nitric oxide biosynthetic process	<http://purl.obolibrary.org/obo/GO_0045429>	6	76	0.078947368
positive regulation of I-kappaB kinase/NF-kappaB signaling	<http://purl.obolibrary.org/obo/GO_0043123>	16	203	0.078817734
post-embryonic development	<http://purl.obolibrary.org/obo/GO_0009791>	12	154	0.077922078
positive regulation of NF-kappaB transcription factor activity	<http://purl.obolibrary.org/obo/GO_0051092>	14	181	0.077348066
negative regulation of I-kappaB kinase/NF-kappaB signaling	<http://purl.obolibrary.org/obo/GO_0043124>	5	65	0.076923077
chemokine-mediated signaling pathway	<http://purl.obolibrary.org/obo/GO_0070098>	9	118	0.076271186
B cell differentiation	<http://purl.obolibrary.org/obo/GO_0030183>	10	132	0.075757576
leukocyte cell-cell adhesion	<http://purl.obolibrary.org/obo/GO_0007159>	5	66	0.075757576
positive regulation of insulin secretion	<http://purl.obolibrary.org/obo/GO_0032024>	8	106	0.075471698
hair follicle development	<http://purl.obolibrary.org/obo/GO_0001942>	7	93	0.075268817
negative regulation of angiogenesis	<http://purl.obolibrary.org/obo/GO_0016525>	14	189	0.074074074
axon guidance	<http://purl.obolibrary.org/obo/GO_0007411>	20	271	0.073800738
negative regulation of tumor necrosis factor production	<http://purl.obolibrary.org/obo/GO_0032720>	5	69	0.072463768
regulation of sodium ion transmembrane transporter activity	<http://purl.obolibrary.org/obo/GO_2000649>	5	69	0.072463768
response to cold	<http://purl.obolibrary.org/obo/GO_0009409>	5	69	0.072463768
positive regulation of epithelial cell proliferation	<http://purl.obolibrary.org/obo/GO_0050679>	18	252	0.071428571
Notch signaling pathway	<http://purl.obolibrary.org/obo/GO_0007219>	13	183	0.071038251
epithelial to mesenchymal transition	<http://purl.obolibrary.org/obo/GO_0001837>	6	85	0.070588235
negative regulation of viral genome replication	<http://purl.obolibrary.org/obo/GO_0045071>	6	85	0.070588235
neuron migration	<http://purl.obolibrary.org/obo/GO_0001764>	11	156	0.070512821
long-term synaptic potentiation	<http://purl.obolibrary.org/obo/GO_0060291>	5	72	0.069444444
integrin-mediated signaling pathway	<http://purl.obolibrary.org/obo/GO_0007229>	16	231	0.069264069
negative regulation of canonical Wnt signaling pathway	<http://purl.obolibrary.org/obo/GO_0090090>	12	174	0.068965517
neutrophil chemotaxis	<http://purl.obolibrary.org/obo/GO_0030593>	8	116	0.068965517
cellular response to hydrogen peroxide	<http://purl.obolibrary.org/obo/GO_0070301>	7	102	0.068627451
regulation of osteoclast differentiation	<http://purl.obolibrary.org/obo/GO_0045670>	6	88	0.068181818
defense response to virus	<http://purl.obolibrary.org/obo/GO_0051607>	22	323	0.068111455
Wnt signaling pathway	<http://purl.obolibrary.org/obo/GO_0016055>	26	382	0.068062827
cardiac muscle contraction	<http://purl.obolibrary.org/obo/GO_0060048>	9	133	0.067669173
outflow tract morphogenesis	<http://purl.obolibrary.org/obo/GO_0003151>	6	89	0.06741573
triglyceride metabolic process	<http://purl.obolibrary.org/obo/GO_0006641>	6	89	0.06741573
negative regulation of extrinsic apoptotic signaling pathway	<http://purl.obolibrary.org/obo/GO_2001237>	8	119	0.067226891
negative regulation of smooth muscle cell proliferation	<http://purl.obolibrary.org/obo/GO_0048662>	5	75	0.066666667
receptor internalization	<http://purl.obolibrary.org/obo/GO_0031623>	5	76	0.065789474
negative regulation of protein binding	<http://purl.obolibrary.org/obo/GO_0032091>	9	137	0.065693431
actin cytoskeleton reorganization	<http://purl.obolibrary.org/obo/GO_0031532>	7	107	0.065420561
chaperone-mediated protein folding	<http://purl.obolibrary.org/obo/GO_0061077>	5	77	0.064935065
protein K48-linked ubiquitination	<http://purl.obolibrary.org/obo/GO_0070936>	5	77	0.064935065
somitogenesis	<http://purl.obolibrary.org/obo/GO_0001756>	5	77	0.064935065
dendrite morphogenesis	<http://purl.obolibrary.org/obo/GO_0048813>	6	93	0.064516129
positive regulation of peptidyl-serine phosphorylation	<http://purl.obolibrary.org/obo/GO_0033138>	10	155	0.064516129
cell adhesion	<http://purl.obolibrary.org/obo/GO_0007155>	105	1643	0.063907486
positive regulation of apoptotic process	<http://purl.obolibrary.org/obo/GO_0043065>	54	847	0.063754427
fatty acid metabolic process	<http://purl.obolibrary.org/obo/GO_0006631>	30	474	0.063291139
positive regulation of transcription by RNA polymerase II	<http://purl.obolibrary.org/obo/GO_0045944>	108	1709	0.063194851
negative regulation of ossification	<http://purl.obolibrary.org/obo/GO_0030279>	6	95	0.063157895
endothelial cell migration	<http://purl.obolibrary.org/obo/GO_0043542>	5	80	0.0625
positive regulation of neuron apoptotic process	<http://purl.obolibrary.org/obo/GO_0043525>	6	96	0.0625
chondrocyte differentiation	<http://purl.obolibrary.org/obo/GO_0002062>	7	113	0.061946903
negative regulation of insulin secretion	<http://purl.obolibrary.org/obo/GO_0046676>	5	81	0.061728395
cellular response to hypoxia	<http://purl.obolibrary.org/obo/GO_0071456>	10	164	0.06097561
cholesterol transport	<http://purl.obolibrary.org/obo/GO_0030301>	5	82	0.06097561
positive regulation of cell-matrix adhesion	<http://purl.obolibrary.org/obo/GO_0001954>	5	82	0.06097561
positive regulation of dendritic spine development	<http://purl.obolibrary.org/obo/GO_0060999>	6	99	0.060606061
negative regulation of cell growth	<http://purl.obolibrary.org/obo/GO_0030308>	17	282	0.060283688
sialylation	<http://purl.obolibrary.org/obo/GO_0097503>	5	83	0.060240964
response to estrogen	<http://purl.obolibrary.org/obo/GO_0043627>	7	117	0.05982906
positive regulation of peptidyl-tyrosine phosphorylation	<http://purl.obolibrary.org/obo/GO_0050731>	17	286	0.059440559
protein stabilization	<http://purl.obolibrary.org/obo/GO_0050821>	13	219	0.059360731
positive regulation of endothelial cell migration	<http://purl.obolibrary.org/obo/GO_0010595>	8	135	0.059259259
cellular response to interferon-beta	<http://purl.obolibrary.org/obo/GO_0035458>	6	102	0.058823529
cellular response to lipopolysaccharide	<http://purl.obolibrary.org/obo/GO_0071222>	19	323	0.058823529
dorsal/ventral pattern formation	<http://purl.obolibrary.org/obo/GO_0009953>	6	102	0.058823529
positive regulation of calcium-mediated signaling	<http://purl.obolibrary.org/obo/GO_0050850>	5	85	0.058823529
positive regulation of cell division	<http://purl.obolibrary.org/obo/GO_0051781>	7	119	0.058823529
negative regulation of cell population proliferation	<http://purl.obolibrary.org/obo/GO_0008285>	56	955	0.058638743
glucose homeostasis	<http://purl.obolibrary.org/obo/GO_0042593>	18	307	0.058631922
protein homotetramerization	<http://purl.obolibrary.org/obo/GO_0051289>	7	121	0.05785124
apoptotic process	<http://purl.obolibrary.org/obo/GO_0006915>	69	1199	0.057547957
neural tube closure	<http://purl.obolibrary.org/obo/GO_0001843>	7	122	0.057377049
lipid catabolic process	<http://purl.obolibrary.org/obo/GO_0016042>	28	489	0.057259714
pigmentation	<http://purl.obolibrary.org/obo/GO_0043473>	6	106	0.056603774
T cell differentiation	<http://purl.obolibrary.org/obo/GO_0030217>	10	177	0.056497175
inner ear morphogenesis	<http://purl.obolibrary.org/obo/GO_0042472>	7	124	0.056451613
hemostasis	<http://purl.obolibrary.org/obo/GO_0007599>	11	196	0.056122449
negative regulation of transforming growth factor beta receptor signaling pathway	<http://purl.obolibrary.org/obo/GO_0030512>	5	90	0.055555556
regulation of mitochondrial membrane potential	<http://purl.obolibrary.org/obo/GO_0051881>	6	108	0.055555556
toll-like receptor signaling pathway	<http://purl.obolibrary.org/obo/GO_0002224>	6	109	0.055045872
cellular response to heat	<http://purl.obolibrary.org/obo/GO_0034605>	5	92	0.054347826
lipid homeostasis	<http://purl.obolibrary.org/obo/GO_0055088>	10	184	0.054347826
cell maturation	<http://purl.obolibrary.org/obo/GO_0048469>	11	203	0.054187192
positive regulation of interferon-gamma production	<http://purl.obolibrary.org/obo/GO_0032729>	6	111	0.054054054
response to hypoxia	<http://purl.obolibrary.org/obo/GO_0001666>	22	411	0.053527981
positive regulation of cell population proliferation	<http://purl.obolibrary.org/obo/GO_0008284>	73	1366	0.053440703
adult locomotory behavior	<http://purl.obolibrary.org/obo/GO_0008344>	6	114	0.052631579
peptidyl-tyrosine phosphorylation	<http://purl.obolibrary.org/obo/GO_0018108>	25	475	0.052631579
protein monoubiquitination	<http://purl.obolibrary.org/obo/GO_0006513>	5	95	0.052631579
MAPK cascade	<http://purl.obolibrary.org/obo/GO_0000165>	15	289	0.051903114
B cell activation	<http://purl.obolibrary.org/obo/GO_0042113>	10	193	0.051813472
positive regulation of GTPase activity	<http://purl.obolibrary.org/obo/GO_0043547>	44	852	0.051643192
cellular response to mechanical stimulus	<http://purl.obolibrary.org/obo/GO_0071260>	5	97	0.051546392
long-chain fatty acid transport	<http://purl.obolibrary.org/obo/GO_0015909>	5	97	0.051546392
phospholipid translocation	<http://purl.obolibrary.org/obo/GO_0045332>	7	136	0.051470588
positive regulation of protein ubiquitination	<http://purl.obolibrary.org/obo/GO_0031398>	7	137	0.051094891
positive regulation of Ras protein signal transduction	<http://purl.obolibrary.org/obo/GO_0046579>	5	98	0.051020408
Golgi organization	<http://purl.obolibrary.org/obo/GO_0007030>	9	179	0.05027933
innate immune response	<http://purl.obolibrary.org/obo/GO_0045087>	53	1058	0.050094518
stress-activated protein kinase signaling cascade	<http://purl.obolibrary.org/obo/GO_0031098>	7	143	0.048951049
negative regulation of cell migration	<http://purl.obolibrary.org/obo/GO_0030336>	20	411	0.0486618
locomotory behavior	<http://purl.obolibrary.org/obo/GO_0007626>	15	309	0.048543689
synaptic vesicle exocytosis	<http://purl.obolibrary.org/obo/GO_0016079>	5	103	0.048543689
in utero embryonic development	<http://purl.obolibrary.org/obo/GO_0001701>	27	560	0.048214286
erythrocyte differentiation	<http://purl.obolibrary.org/obo/GO_0030218>	5	104	0.048076923
response to retinoic acid	<http://purl.obolibrary.org/obo/GO_0032526>	7	146	0.047945205
extracellular matrix organization	<http://purl.obolibrary.org/obo/GO_0030198>	16	334	0.047904192
positive regulation of canonical Wnt signaling pathway	<http://purl.obolibrary.org/obo/GO_0090263>	6	127	0.047244094
ureteric bud development	<http://purl.obolibrary.org/obo/GO_0001657>	5	106	0.047169811
negative regulation of apoptotic process	<http://purl.obolibrary.org/obo/GO_0043066>	60	1279	0.04691165
protein N-linked glycosylation	<http://purl.obolibrary.org/obo/GO_0006487>	5	107	0.046728972
smooth muscle contraction	<http://purl.obolibrary.org/obo/GO_0006939>	5	107	0.046728972
cell growth	<http://purl.obolibrary.org/obo/GO_0016049>	6	129	0.046511628
receptor-mediated endocytosis	<http://purl.obolibrary.org/obo/GO_0006898>	18	389	0.046272494
liver development	<http://purl.obolibrary.org/obo/GO_0001889>	9	195	0.046153846
ossification	<http://purl.obolibrary.org/obo/GO_0001503>	14	305	0.045901639
wound healing	<http://purl.obolibrary.org/obo/GO_0042060>	20	438	0.0456621
cell division	<http://purl.obolibrary.org/obo/GO_0051301>	27	594	0.045454545
oligodendrocyte differentiation	<http://purl.obolibrary.org/obo/GO_0048709>	5	110	0.045454545
negative regulation of DNA-binding transcription factor activity	<http://purl.obolibrary.org/obo/GO_0043433>	10	221	0.045248869
positive regulation of JNK cascade	<http://purl.obolibrary.org/obo/GO_0046330>	8	179	0.044692737
excitatory postsynaptic potential	<http://purl.obolibrary.org/obo/GO_0060079>	7	157	0.044585987
spermatogenesis	<http://purl.obolibrary.org/obo/GO_0007283>	32	718	0.044568245
negative regulation of neuron projection development	<http://purl.obolibrary.org/obo/GO_0010977>	11	247	0.044534413
fibroblast growth factor receptor signaling pathway	<http://purl.obolibrary.org/obo/GO_0008543>	6	135	0.044444444
"retrograde transport, endosome to Golgi"	<http://purl.obolibrary.org/obo/GO_0042147>	6	136	0.044117647
digestive tract development	<http://purl.obolibrary.org/obo/GO_0048565>	7	159	0.044025157
positive regulation of cytokine secretion	<http://purl.obolibrary.org/obo/GO_0050715>	8	182	0.043956044
positive regulation of cysteine-type endopeptidase activity involved in apoptotic process	<http://purl.obolibrary.org/obo/GO_0043280>	7	162	0.043209877
cellular iron ion homeostasis	<http://purl.obolibrary.org/obo/GO_0006879>	5	116	0.043103448
regulation of blood coagulation	<http://purl.obolibrary.org/obo/GO_0030193>	5	116	0.043103448
regulation of G protein-coupled receptor signaling pathway	<http://purl.obolibrary.org/obo/GO_0008277>	7	163	0.042944785
negative regulation of NF-kappaB transcription factor activity	<http://purl.obolibrary.org/obo/GO_0032088>	5	117	0.042735043
autophagy	<http://purl.obolibrary.org/obo/GO_0006914>	16	375	0.042666667
small GTPase mediated signal transduction	<http://purl.obolibrary.org/obo/GO_0007264>	26	618	0.042071197
protein heterooligomerization	<http://purl.obolibrary.org/obo/GO_0051291>	8	191	0.041884817
cellular response to insulin stimulus	<http://purl.obolibrary.org/obo/GO_0032869>	9	215	0.041860465
positive regulation of cell migration	<http://purl.obolibrary.org/obo/GO_0030335>	30	718	0.04178273
response to heat	<http://purl.obolibrary.org/obo/GO_0009408>	8	193	0.041450777
regulation of transforming growth factor beta receptor signaling pathway	<http://purl.obolibrary.org/obo/GO_0017015>	6	145	0.04137931
activation of GTPase activity	<http://purl.obolibrary.org/obo/GO_0090630>	5	122	0.040983607
reactive oxygen species metabolic process	<http://purl.obolibrary.org/obo/GO_0072593>	7	171	0.040935673
skin development	<http://purl.obolibrary.org/obo/GO_0043588>	12	296	0.040540541
calcium ion regulated exocytosis	<http://purl.obolibrary.org/obo/GO_0017156>	5	124	0.040322581
positive regulation of actin filament polymerization	<http://purl.obolibrary.org/obo/GO_0030838>	7	174	0.040229885
exocytosis	<http://purl.obolibrary.org/obo/GO_0006887>	17	423	0.040189125
stem cell population maintenance	<http://purl.obolibrary.org/obo/GO_0019827>	6	150	0.04
lipid metabolic process	<http://purl.obolibrary.org/obo/GO_0006629>	83	2092	0.039674952
positive regulation of neuron projection development	<http://purl.obolibrary.org/obo/GO_0010976>	19	480	0.039583333
positive regulation of reactive oxygen species metabolic process	<http://purl.obolibrary.org/obo/GO_2000379>	6	152	0.039473684
positive regulation of cell-substrate adhesion	<http://purl.obolibrary.org/obo/GO_0010811>	7	179	0.039106145
cellular response to interferon-gamma	<http://purl.obolibrary.org/obo/GO_0071346>	6	154	0.038961039
neural tube development	<http://purl.obolibrary.org/obo/GO_0021915>	8	206	0.038834951
amino acid transmembrane transport	<http://purl.obolibrary.org/obo/GO_0003333>	5	129	0.03875969
T cell receptor signaling pathway	<http://purl.obolibrary.org/obo/GO_0050852>	5	130	0.038461538
regulation of circadian rhythm	<http://purl.obolibrary.org/obo/GO_0042752>	5	130	0.038461538
learning	<http://purl.obolibrary.org/obo/GO_0007612>	8	209	0.038277512
cellular response to starvation	<http://purl.obolibrary.org/obo/GO_0009267>	7	183	0.038251366
heart development	<http://purl.obolibrary.org/obo/GO_0007507>	29	768	0.037760417
positive regulation of calcium ion transport	<http://purl.obolibrary.org/obo/GO_0051928>	7	186	0.037634409
actin filament bundle assembly	<http://purl.obolibrary.org/obo/GO_0051017>	5	135	0.037037037
positive regulation of cell growth	<http://purl.obolibrary.org/obo/GO_0030307>	9	243	0.037037037
positive regulation of DNA-binding transcription factor activity	<http://purl.obolibrary.org/obo/GO_0051091>	12	325	0.036923077
regulation of Rho protein signal transduction	<http://purl.obolibrary.org/obo/GO_0035023>	14	383	0.036553525
positive regulation of epithelial cell migration	<http://purl.obolibrary.org/obo/GO_0010634>	7	193	0.03626943
response to oxidative stress	<http://purl.obolibrary.org/obo/GO_0006979>	21	579	0.03626943
oxidation-reduction process	<http://purl.obolibrary.org/obo/GO_0055114>	99	2738	0.036157779
inner ear development	<http://purl.obolibrary.org/obo/GO_0048839>	10	277	0.036101083
cytokine-mediated signaling pathway	<http://purl.obolibrary.org/obo/GO_0019221>	21	586	0.035836177
negative regulation of neuron death	<http://purl.obolibrary.org/obo/GO_1901215>	10	280	0.035714286
cellular response to transforming growth factor beta stimulus	<http://purl.obolibrary.org/obo/GO_0071560>	8	226	0.03539823
negative regulation of translation	<http://purl.obolibrary.org/obo/GO_0017148>	7	198	0.035353535
rhythmic process	<http://purl.obolibrary.org/obo/GO_0048511>	14	396	0.035353535
determination of left/right symmetry	<http://purl.obolibrary.org/obo/GO_0007368>	5	142	0.035211268
branching morphogenesis of an epithelial tube	<http://purl.obolibrary.org/obo/GO_0048754>	6	171	0.035087719
calcium-mediated signaling	<http://purl.obolibrary.org/obo/GO_0019722>	8	229	0.034934498
negative regulation of T cell activation	<http://purl.obolibrary.org/obo/GO_0050868>	5	145	0.034482759
positive regulation of protein binding	<http://purl.obolibrary.org/obo/GO_0032092>	5	145	0.034482759
sodium ion transmembrane transport	<http://purl.obolibrary.org/obo/GO_0035725>	13	377	0.034482759
dephosphorylation	<http://purl.obolibrary.org/obo/GO_0016311>	29	842	0.034441805
protein phosphorylation	<http://purl.obolibrary.org/obo/GO_0006468>	85	2470	0.034412955
negative regulation of peptidase activity	<http://purl.obolibrary.org/obo/GO_0010466>	19	555	0.034234234
endocytosis	<http://purl.obolibrary.org/obo/GO_0006897>	36	1061	0.033930254
response to hydrogen peroxide	<http://purl.obolibrary.org/obo/GO_0042542>	6	177	0.033898305
positive regulation of autophagy	<http://purl.obolibrary.org/obo/GO_0010508>	5	148	0.033783784
protein polymerization	<http://purl.obolibrary.org/obo/GO_0051258>	5	150	0.033333333
protein dephosphorylation	<http://purl.obolibrary.org/obo/GO_0006470>	18	545	0.033027523
cell chemotaxis	<http://purl.obolibrary.org/obo/GO_0060326>	11	335	0.032835821
cytokine production	<http://purl.obolibrary.org/obo/GO_0001816>	6	183	0.032786885
calcium ion transport	<http://purl.obolibrary.org/obo/GO_0006816>	19	580	0.032758621
steroid metabolic process	<http://purl.obolibrary.org/obo/GO_0008202>	11	338	0.032544379
chemotaxis	<http://purl.obolibrary.org/obo/GO_0006935>	24	744	0.032258065
cerebral cortex development	<http://purl.obolibrary.org/obo/GO_0021987>	5	156	0.032051282
cell population proliferation	<http://purl.obolibrary.org/obo/GO_0008283>	22	689	0.031930334
long-chain fatty acid metabolic process	<http://purl.obolibrary.org/obo/GO_0001676>	5	157	0.031847134
anterior/posterior pattern specification	<http://purl.obolibrary.org/obo/GO_0009952>	8	252	0.031746032
positive regulation of MAP kinase activity	<http://purl.obolibrary.org/obo/GO_0043406>	10	316	0.03164557
protein polyubiquitination	<http://purl.obolibrary.org/obo/GO_0000209>	7	222	0.031531532
"negative regulation of transcription, DNA-templated"	<http://purl.obolibrary.org/obo/GO_0045892>	56	1783	0.03140774
cartilage development	<http://purl.obolibrary.org/obo/GO_0051216>	7	224	0.03125
negative regulation of protein kinase activity	<http://purl.obolibrary.org/obo/GO_0006469>	10	321	0.031152648
transmembrane receptor protein tyrosine kinase signaling pathway	<http://purl.obolibrary.org/obo/GO_0007169>	22	707	0.031117397
potassium ion transmembrane transport	<http://purl.obolibrary.org/obo/GO_0071805>	15	486	0.030864198
negative regulation of endopeptidase activity	<http://purl.obolibrary.org/obo/GO_0010951>	16	520	0.030769231
myelination	<http://purl.obolibrary.org/obo/GO_0042552>	5	163	0.030674847
adenylate cyclase-activating G protein-coupled receptor signaling pathway	<http://purl.obolibrary.org/obo/GO_0007189>	5	164	0.030487805
actomyosin structure organization	<http://purl.obolibrary.org/obo/GO_0031032>	5	166	0.030120482
amino acid transport	<http://purl.obolibrary.org/obo/GO_0006865>	5	166	0.030120482
calcium ion transmembrane transport	<http://purl.obolibrary.org/obo/GO_0070588>	15	504	0.029761905
protein processing	<http://purl.obolibrary.org/obo/GO_0016485>	8	270	0.02962963
regulation of synaptic plasticity	<http://purl.obolibrary.org/obo/GO_0048167>	8	274	0.02919708
phospholipid biosynthetic process	<http://purl.obolibrary.org/obo/GO_0008654>	10	344	0.029069767
cell migration	<http://purl.obolibrary.org/obo/GO_0016477>	34	1172	0.029010239
positive regulation of cytosolic calcium ion concentration	<http://purl.obolibrary.org/obo/GO_0007204>	13	449	0.028953229
sodium ion transport	<http://purl.obolibrary.org/obo/GO_0006814>	13	452	0.028761062
response to UV	<http://purl.obolibrary.org/obo/GO_0009411>	5	174	0.028735632
xenobiotic metabolic process	<http://purl.obolibrary.org/obo/GO_0006805>	5	174	0.028735632
protein localization to plasma membrane	<http://purl.obolibrary.org/obo/GO_0072659>	8	279	0.028673835
protein glycosylation	<http://purl.obolibrary.org/obo/GO_0006486>	14	489	0.028629857
phospholipid transport	<http://purl.obolibrary.org/obo/GO_0015914>	6	210	0.028571429
response to lipopolysaccharide	<http://purl.obolibrary.org/obo/GO_0032496>	14	491	0.028513238
signal transduction by protein phosphorylation	<http://purl.obolibrary.org/obo/GO_0023014>	9	316	0.028481013
cellular response to tumor necrosis factor	<http://purl.obolibrary.org/obo/GO_0071356>	6	212	0.028301887
regulation of inflammatory response	<http://purl.obolibrary.org/obo/GO_0050727>	11	389	0.028277635
positive regulation of MAPK cascade	<http://purl.obolibrary.org/obo/GO_0043410>	20	713	0.028050491
activation of protein kinase activity	<http://purl.obolibrary.org/obo/GO_0032147>	13	465	0.027956989
male gonad development	<http://purl.obolibrary.org/obo/GO_0008584>	5	179	0.027932961
carbohydrate metabolic process	<http://purl.obolibrary.org/obo/GO_0005975>	30	1075	0.027906977
negative regulation of Wnt signaling pathway	<http://purl.obolibrary.org/obo/GO_0030178>	6	215	0.027906977
endosomal transport	<http://purl.obolibrary.org/obo/GO_0016197>	9	328	0.027439024
protein homooligomerization	<http://purl.obolibrary.org/obo/GO_0051260>	14	514	0.027237354
"positive regulation of transcription, DNA-templated"	<http://purl.obolibrary.org/obo/GO_0045893>	60	2207	0.027186226
cell-cell junction organization	<http://purl.obolibrary.org/obo/GO_0045216>	5	184	0.027173913
negative regulation of epithelial cell proliferation	<http://purl.obolibrary.org/obo/GO_0050680>	5	184	0.027173913
lipid transport	<http://purl.obolibrary.org/obo/GO_0006869>	17	630	0.026984127
positive regulation of protein secretion	<http://purl.obolibrary.org/obo/GO_0050714>	10	372	0.02688172
potassium ion transport	<http://purl.obolibrary.org/obo/GO_0006813>	14	524	0.026717557
T cell activation	<http://purl.obolibrary.org/obo/GO_0042110>	8	302	0.026490066
response to interferon-gamma	<http://purl.obolibrary.org/obo/GO_0034341>	5	192	0.026041667
positive regulation of cell adhesion	<http://purl.obolibrary.org/obo/GO_0045785>	14	539	0.025974026
chloride transport	<http://purl.obolibrary.org/obo/GO_0006821>	7	270	0.025925926
response to endoplasmic reticulum stress	<http://purl.obolibrary.org/obo/GO_0034976>	7	270	0.025925926
cell cycle	<http://purl.obolibrary.org/obo/GO_0007049>	44	1719	0.025596277
response to virus	<http://purl.obolibrary.org/obo/GO_0009615>	11	430	0.025581395
skeletal system development	<http://purl.obolibrary.org/obo/GO_0001501>	15	587	0.025553663
response to glucose	<http://purl.obolibrary.org/obo/GO_0009749>	5	196	0.025510204
response to calcium ion	<http://purl.obolibrary.org/obo/GO_0051592>	5	197	0.025380711
positive regulation of protein phosphorylation	<http://purl.obolibrary.org/obo/GO_0001934>	35	1385	0.025270758
homophilic cell adhesion via plasma membrane adhesion molecules	<http://purl.obolibrary.org/obo/GO_0007156>	11	438	0.025114155
RNA phosphodiester bond hydrolysis	<http://purl.obolibrary.org/obo/GO_0090501>	7	281	0.024911032
protein folding	<http://purl.obolibrary.org/obo/GO_0006457>	9	363	0.024793388
response to tumor necrosis factor	<http://purl.obolibrary.org/obo/GO_0034612>	6	243	0.024691358
kidney development	<http://purl.obolibrary.org/obo/GO_0001822>	9	365	0.024657534
proteasome-mediated ubiquitin-dependent protein catabolic process	<http://purl.obolibrary.org/obo/GO_0043161>	10	406	0.024630542
regulation of ion transmembrane transport	<http://purl.obolibrary.org/obo/GO_0034765>	21	861	0.024390244
steroid hormone mediated signaling pathway	<http://purl.obolibrary.org/obo/GO_0043401>	6	247	0.024291498
Ras protein signal transduction	<http://purl.obolibrary.org/obo/GO_0007265>	7	290	0.024137931
placenta development	<http://purl.obolibrary.org/obo/GO_0001890>	5	208	0.024038462
actin filament organization	<http://purl.obolibrary.org/obo/GO_0007015>	13	546	0.023809524
protein transport	<http://purl.obolibrary.org/obo/GO_0015031>	51	2162	0.023589269
regulation of calcium ion transport	<http://purl.obolibrary.org/obo/GO_0051924>	9	382	0.023560209
transmembrane receptor protein serine/threonine kinase signaling pathway	<http://purl.obolibrary.org/obo/GO_0007178>	7	300	0.023333333
limb development	<http://purl.obolibrary.org/obo/GO_0060173>	5	216	0.023148148
phosphorylation	<http://purl.obolibrary.org/obo/GO_0016310>	81	3522	0.022998296
intracellular signal transduction	<http://purl.obolibrary.org/obo/GO_0035556>	64	2814	0.022743426
adult behavior	<http://purl.obolibrary.org/obo/GO_0030534>	5	221	0.022624434
B cell receptor signaling pathway	<http://purl.obolibrary.org/obo/GO_0050853>	7	312	0.022435897
skeletal system morphogenesis	<http://purl.obolibrary.org/obo/GO_0048705>	7	312	0.022435897
spermatid development	<http://purl.obolibrary.org/obo/GO_0007286>	6	268	0.02238806
heart morphogenesis	<http://purl.obolibrary.org/obo/GO_0003007>	7	315	0.022222222
negative regulation of cell adhesion	<http://purl.obolibrary.org/obo/GO_0007162>	8	360	0.022222222
"regulation of transcription, DNA-templated"	<http://purl.obolibrary.org/obo/GO_0006355>	158	7162	0.022060877
muscle organ development	<http://purl.obolibrary.org/obo/GO_0007517>	8	365	0.021917808
negative regulation of cell-cell adhesion	<http://purl.obolibrary.org/obo/GO_0022408>	5	229	0.021834061
positive regulation of apoptotic signaling pathway	<http://purl.obolibrary.org/obo/GO_2001235>	5	232	0.021551724
viral process	<http://purl.obolibrary.org/obo/GO_0016032>	5	232	0.021551724
defense response to bacterium	<http://purl.obolibrary.org/obo/GO_0042742>	14	653	0.02143951
actin cytoskeleton organization	<http://purl.obolibrary.org/obo/GO_0030036>	23	1077	0.021355617
brain development	<http://purl.obolibrary.org/obo/GO_0007420>	20	938	0.021321962
hemopoiesis	<http://purl.obolibrary.org/obo/GO_0030097>	17	800	0.02125
proteolysis	<http://purl.obolibrary.org/obo/GO_0006508>	60	2840	0.021126761
negative regulation of protein phosphorylation	<http://purl.obolibrary.org/obo/GO_0001933>	13	617	0.021069692
chloride transmembrane transport	<http://purl.obolibrary.org/obo/GO_1902476>	5	238	0.021008403
cell fate commitment	<http://purl.obolibrary.org/obo/GO_0045165>	6	289	0.020761246
regulation of blood pressure	<http://purl.obolibrary.org/obo/GO_0008217>	6	290	0.020689655
regulation of protein stability	<http://purl.obolibrary.org/obo/GO_0031647>	7	339	0.020648968
cellular calcium ion homeostasis	<http://purl.obolibrary.org/obo/GO_0006874>	14	686	0.020408163
leukocyte migration	<http://purl.obolibrary.org/obo/GO_0050900>	6	295	0.020338983
response to mechanical stimulus	<http://purl.obolibrary.org/obo/GO_0009612>	6	295	0.020338983
positive regulation of protein catabolic process	<http://purl.obolibrary.org/obo/GO_0045732>	6	301	0.019933555
regulation of insulin secretion	<http://purl.obolibrary.org/obo/GO_0050796>	5	252	0.01984127
positive regulation of cell-cell adhesion	<http://purl.obolibrary.org/obo/GO_0022409>	6	309	0.019417476
antigen processing and presentation	<http://purl.obolibrary.org/obo/GO_0019882>	12	619	0.019386107
bone development	<http://purl.obolibrary.org/obo/GO_0060348>	5	258	0.019379845
regulation of reactive oxygen species metabolic process	<http://purl.obolibrary.org/obo/GO_2000377>	5	259	0.019305019
phagocytosis	<http://purl.obolibrary.org/obo/GO_0006909>	8	415	0.019277108
protein ubiquitination	<http://purl.obolibrary.org/obo/GO_0016567>	21	1092	0.019230769
regulation of cell population proliferation	<http://purl.obolibrary.org/obo/GO_0042127>	44	2339	0.018811458
neurotransmitter transport	<http://purl.obolibrary.org/obo/GO_0006836>	6	321	0.018691589
neuron projection morphogenesis	<http://purl.obolibrary.org/obo/GO_0048812>	11	593	0.018549747
cellular response to DNA damage stimulus	<http://purl.obolibrary.org/obo/GO_0006974>	24	1302	0.01843318
regulation of angiogenesis	<http://purl.obolibrary.org/obo/GO_0045765>	8	435	0.018390805
positive regulation of gene expression	<http://purl.obolibrary.org/obo/GO_0010628>	51	2782	0.018332135
regulation of cytokine secretion	<http://purl.obolibrary.org/obo/GO_0050707>	5	273	0.018315018
positive regulation of neuron differentiation	<http://purl.obolibrary.org/obo/GO_0045666>	11	602	0.018272425
peptidyl-tyrosine dephosphorylation	<http://purl.obolibrary.org/obo/GO_0035335>	6	333	0.018018018
neuron projection development	<http://purl.obolibrary.org/obo/GO_0031175>	17	945	0.017989418
"phagocytosis, recognition"	<http://purl.obolibrary.org/obo/GO_0006910>	5	281	0.017793594
myeloid cell differentiation	<http://purl.obolibrary.org/obo/GO_0030099>	5	282	0.017730496
regulation of translation	<http://purl.obolibrary.org/obo/GO_0006417>	9	513	0.01754386
intracellular protein transport	<http://purl.obolibrary.org/obo/GO_0006886>	25	1439	0.017373176
negative regulation of apoptotic signaling pathway	<http://purl.obolibrary.org/obo/GO_2001234>	5	290	0.017241379
G protein-coupled receptor signaling pathway	<http://purl.obolibrary.org/obo/GO_0007186>	81	4787	0.016920827
immunoglobulin mediated immune response	<http://purl.obolibrary.org/obo/GO_0016064>	6	367	0.016348774
cellular response to oxidative stress	<http://purl.obolibrary.org/obo/GO_0034599>	5	307	0.016286645
regulation of autophagy	<http://purl.obolibrary.org/obo/GO_0010506>	5	309	0.01618123
chemical synaptic transmission	<http://purl.obolibrary.org/obo/GO_0007268>	10	628	0.015923567
regulation of protein binding	<http://purl.obolibrary.org/obo/GO_0043393>	5	317	0.015772871
camera-type eye development	<http://purl.obolibrary.org/obo/GO_0043010>	6	383	0.015665796
cellular response to organic cyclic compound	<http://purl.obolibrary.org/obo/GO_0071407>	12	768	0.015625
cilium assembly	<http://purl.obolibrary.org/obo/GO_0060271>	6	386	0.015544041
immune response	<http://purl.obolibrary.org/obo/GO_0006955>	42	2705	0.015526802
epidermis development	<http://purl.obolibrary.org/obo/GO_0008544>	5	329	0.015197568
blood vessel development	<http://purl.obolibrary.org/obo/GO_0001568>	10	660	0.015151515
cellular response to extracellular stimulus	<http://purl.obolibrary.org/obo/GO_0031668>	5	330	0.015151515
regulation of membrane potential	<http://purl.obolibrary.org/obo/GO_0042391>	11	729	0.015089163
protein targeting	<http://purl.obolibrary.org/obo/GO_0006605>	5	332	0.015060241
regulation of lipid metabolic process	<http://purl.obolibrary.org/obo/GO_0019216>	7	467	0.014989293
vesicle organization	<http://purl.obolibrary.org/obo/GO_0016050>	5	336	0.014880952
negative regulation of neuron differentiation	<http://purl.obolibrary.org/obo/GO_0045665>	5	339	0.014749263
regulation of ERK1 and ERK2 cascade	<http://purl.obolibrary.org/obo/GO_0070372>	6	407	0.014742015
regulation of transcription by RNA polymerase II	<http://purl.obolibrary.org/obo/GO_0006357>	46	3135	0.014673046
synapse organization	<http://purl.obolibrary.org/obo/GO_0050808>	6	410	0.014634146
signal transduction	<http://purl.obolibrary.org/obo/GO_0007165>	168	11485	0.014627775
positive regulation of innate immune response	<http://purl.obolibrary.org/obo/GO_0045089>	5	346	0.014450867
response to drug	<http://purl.obolibrary.org/obo/GO_0042493>	22	1552	0.014175258
regulation of apoptotic process	<http://purl.obolibrary.org/obo/GO_0042981>	30	2211	0.013568521
forebrain development	<http://purl.obolibrary.org/obo/GO_0030900>	7	517	0.013539652
nervous system development	<http://purl.obolibrary.org/obo/GO_0007399>	44	3312	0.013285024
cell projection organization	<http://purl.obolibrary.org/obo/GO_0030030>	20	1527	0.013097577
nucleic acid phosphodiester bond hydrolysis	<http://purl.obolibrary.org/obo/GO_0090305>	7	550	0.012727273
aging	<http://purl.obolibrary.org/obo/GO_0007568>	5	401	0.012468828
cellular response to drug	<http://purl.obolibrary.org/obo/GO_0035690>	6	489	0.012269939
response to wounding	<http://purl.obolibrary.org/obo/GO_0009611>	7	572	0.012237762
protein complex oligomerization	<http://purl.obolibrary.org/obo/GO_0051259>	10	847	0.011806375
regulation of neuron death	<http://purl.obolibrary.org/obo/GO_1901214>	5	430	0.011627907
regulation of cell growth	<http://purl.obolibrary.org/obo/GO_0001558>	7	609	0.011494253
anion transmembrane transport	<http://purl.obolibrary.org/obo/GO_0098656>	9	790	0.011392405
regulation of mitotic cell cycle	<http://purl.obolibrary.org/obo/GO_0007346>	8	715	0.011188811
DNA repair	<http://purl.obolibrary.org/obo/GO_0006281>	10	926	0.010799136
methylation	<http://purl.obolibrary.org/obo/GO_0032259>	7	675	0.01037037
cell morphogenesis	<http://purl.obolibrary.org/obo/GO_0000902>	10	969	0.010319917
mitochondrion organization	<http://purl.obolibrary.org/obo/GO_0007005>	6	590	0.010169492
positive regulation of cell cycle	<http://purl.obolibrary.org/obo/GO_0045787>	5	496	0.010080645
pattern specification process	<http://purl.obolibrary.org/obo/GO_0007389>	5	498	0.010040161
response to cytokine	<http://purl.obolibrary.org/obo/GO_0034097>	13	1319	0.009855951
neuron differentiation	<http://purl.obolibrary.org/obo/GO_0030182>	14	1446	0.009681881
regulation of cell cycle	<http://purl.obolibrary.org/obo/GO_0051726>	15	1567	0.009572431
blood vessel morphogenesis	<http://purl.obolibrary.org/obo/GO_0048514>	5	533	0.009380863
regulation of GTPase activity	<http://purl.obolibrary.org/obo/GO_0043087>	9	972	0.009259259
embryo development	<http://purl.obolibrary.org/obo/GO_0009790>	12	1312	0.009146341
developmental growth	<http://purl.obolibrary.org/obo/GO_0048589>	5	548	0.009124088
animal organ morphogenesis	<http://purl.obolibrary.org/obo/GO_0009887>	11	1211	0.009083402
growth	<http://purl.obolibrary.org/obo/GO_0040007>	5	557	0.008976661
response to steroid hormone	<http://purl.obolibrary.org/obo/GO_0048545>	5	559	0.008944544
regulation of MAPK cascade	<http://purl.obolibrary.org/obo/GO_0043408>	9	1031	0.008729389
cell-cell signaling	<http://purl.obolibrary.org/obo/GO_0007267>	11	1269	0.008668243
humoral immune response	<http://purl.obolibrary.org/obo/GO_0006959>	5	581	0.008605852
phospholipid metabolic process	<http://purl.obolibrary.org/obo/GO_0006644>	6	704	0.008522727
positive regulation of protein kinase activity	<http://purl.obolibrary.org/obo/GO_0045860>	6	705	0.008510638
cell surface receptor signaling pathway	<http://purl.obolibrary.org/obo/GO_0007166>	31	3702	0.008373852
negative regulation of cell death	<http://purl.obolibrary.org/obo/GO_0060548>	12	1451	0.008270159
proteolysis involved in cellular protein catabolic process	<http://purl.obolibrary.org/obo/GO_0051603>	8	969	0.008255934
cytoskeleton organization	<http://purl.obolibrary.org/obo/GO_0007010>	18	2217	0.00811908
regulation of cell migration	<http://purl.obolibrary.org/obo/GO_0030334>	10	1248	0.008012821
regulation of actin cytoskeleton organization	<http://purl.obolibrary.org/obo/GO_0032956>	5	637	0.007849294
negative regulation of gene expression	<http://purl.obolibrary.org/obo/GO_0010629>	19	2463	0.00771417
mRNA processing	<http://purl.obolibrary.org/obo/GO_0006397>	6	787	0.007623888
response to toxic substance	<http://purl.obolibrary.org/obo/GO_0009636>	6	799	0.007509387
negative regulation of proteolysis	<http://purl.obolibrary.org/obo/GO_0045861>	5	674	0.007418398
central nervous system development	<http://purl.obolibrary.org/obo/GO_0007417>	9	1221	0.007371007
regulation of growth	<http://purl.obolibrary.org/obo/GO_0040008>	7	961	0.007284079
microtubule cytoskeleton organization	<http://purl.obolibrary.org/obo/GO_0000226>	6	826	0.007263923
negative regulation of cell differentiation	<http://purl.obolibrary.org/obo/GO_0045596>	7	1008	0.006944444
positive regulation of cell death	<http://purl.obolibrary.org/obo/GO_0010942>	6	921	0.006514658
organic anion transport	<http://purl.obolibrary.org/obo/GO_0015711>	5	782	0.006393862
cell death	<http://purl.obolibrary.org/obo/GO_0008219>	8	1310	0.00610687
cation transmembrane transport	<http://purl.obolibrary.org/obo/GO_0098655>	12	1995	0.006015038
ubiquitin-dependent protein catabolic process	<http://purl.obolibrary.org/obo/GO_0006511>	5	836	0.005980861
regulation of protein phosphorylation	<http://purl.obolibrary.org/obo/GO_0001932>	12	2114	0.005676443
regulation of cell adhesion	<http://purl.obolibrary.org/obo/GO_0030155>	5	913	0.005476451
regulation of immune response	<http://purl.obolibrary.org/obo/GO_0050776>	8	1489	0.005372733
regulation of protein localization	<http://purl.obolibrary.org/obo/GO_0032880>	7	1390	0.005035971
negative regulation of signal transduction	<http://purl.obolibrary.org/obo/GO_0009968>	8	1598	0.005006258
positive regulation of cell differentiation	<http://purl.obolibrary.org/obo/GO_0045597>	7	1400	0.005
response to bacterium	<http://purl.obolibrary.org/obo/GO_0009617>	6	1216	0.004934211
positive regulation of phosphorylation	<http://purl.obolibrary.org/obo/GO_0042327>	7	1457	0.004804393
microtubule-based process	<http://purl.obolibrary.org/obo/GO_0007017>	6	1344	0.004464286
positive regulation of catalytic activity	<http://purl.obolibrary.org/obo/GO_0043085>	10	2244	0.004456328
regulation of protein kinase activity	<http://purl.obolibrary.org/obo/GO_0045859>	5	1141	0.004382121
protein localization	<http://purl.obolibrary.org/obo/GO_0008104>	14	3210	0.004361371
ion transmembrane transport	<http://purl.obolibrary.org/obo/GO_0034220>	12	2755	0.004355717
programmed cell death	<http://purl.obolibrary.org/obo/GO_0012501>	5	1253	0.003990423
response to hormone	<http://purl.obolibrary.org/obo/GO_0009725>	5	1372	0.003644315
vesicle-mediated transport	<http://purl.obolibrary.org/obo/GO_0016192>	9	2504	0.003594249
cation transport	<http://purl.obolibrary.org/obo/GO_0006812>	8	2311	0.003461705
cellular protein localization	<http://purl.obolibrary.org/obo/GO_0034613>	8	2383	0.003357113
regulation of gene expression	<http://purl.obolibrary.org/obo/GO_0010468>	29	8640	0.003356481
cell development	<http://purl.obolibrary.org/obo/GO_0048468>	8	2407	0.003323639
locomotion	<http://purl.obolibrary.org/obo/GO_0040011>	5	1661	0.003010235
defense response	<http://purl.obolibrary.org/obo/GO_0006952>	6	2056	0.002918288
movement of cell or subcellular component	<http://purl.obolibrary.org/obo/GO_0006928>	6	2144	0.002798507
negative regulation of nucleic acid-templated transcription	<http://purl.obolibrary.org/obo/GO_1903507>	5	1877	0.002663825
cellular response to organic substance	<http://purl.obolibrary.org/obo/GO_0071310>	8	3249	0.002462296
regulation of cell differentiation	<http://purl.obolibrary.org/obo/GO_0045595>	5	2483	0.002013693
regulation of signal transduction	<http://purl.obolibrary.org/obo/GO_0009966>	8	5006	0.001598082
response to organic substance	<http://purl.obolibrary.org/obo/GO_0010033>	7	4612	0.00151778
regulation of nucleic acid-templated transcription	<http://purl.obolibrary.org/obo/GO_1903506>	5	7333	0.000681849
cell communication	<http://purl.obolibrary.org/obo/GO_0007154>	5	12153	0.000411421
